Ortholog family / Human transcript	Chimpanzee transcript	Gene	Description	Chimp % subs per site	Human subs	Chimp subs	Gorilla subs	#1# subs	Gibbon subs	Align overlap	Align Sat	Higher in
ENST00000392650	ENSPTRT00000017604	SDK2	sidekick cell adhesion molecule 2 	0.0	3.0	0.0	5.0	1.0	31.0	1893.0	94.65	
ENST00000551245	ENSPTRT00000104877	TROAP	trophinin associated protein 	0.0	3.0	0.0	4.0	2.0	31.0	771.0	97.10327455919395	
ENST00000439151	ENSPTRT00000107441	NSD1	nuclear receptor binding SET domain protein 1 	0.0	8.0	0.0	5.0	1.0	29.0	2618.0	99.46808510638297	
ENST00000265709	ENSPTRT00000043468	ANK1	ankyrin 1 	0.0	1.0	0.0	11.0	4.0	29.0	1620.0	91.11361079865017	
ENST00000329312	ENSPTRT00000066718	CYLC1	cylicin 1 	0.0	1.0	0.0	7.0	5.0	35.0	630.0	97.82608695652173	
ENST00000621776	ENSPTRT00000100276	POLQ	DNA polymerase theta 	0.135440180586907	10.0	3.0	18.0	9.0	67.0	2215.0	90.18729641693811	
ENST00000616727	ENSPTRT00000028603	MUC13	mucin 13%2C cell surface associated 	0.210970464135021	4.0	1.0	9.0	1.0	46.0	474.0	95.75757575757575	Gibbon
ENST00000572272	ENSPTRT00000087334	NLRP1	NLR family pyrin domain containing 1 	0.350140056022409	8.0	5.0	10.0	3.0	93.0	1428.0	97.14285714285714	Gibbon
